{"cameraMode":{"drawMode":0,"name":"Shaded","section":"Shading Mode"},"sceneLighting":false,"audioPlay":false,"sceneViewState":{"m_AlwaysRefresh":false,"showFog":true,"showSkybox":false,"showFlares":true,"showImageEffects":true,"showParticleSystems":true,"showVisualEffectGraphs":true,"m_FxEnabled":true},"in2DMode":false,"pivot":{"x":-0.15066863596439362,"y":1.3184230327606202,"z":11.432125091552735},"rotation":{"x":0.07342380285263062,"y":-0.016454702243208886,"z":0.0012116029392927886,"w":0.9971643686294556},"size":1.8130167722702027,"orthographic":false}