{"cameraMode":{"drawMode":0,"name":"Shaded","section":"Shading Mode"},"sceneLighting":false,"audioPlay":false,"sceneViewState":{"m_AlwaysRefresh":false,"showFog":true,"showSkybox":false,"showFlares":true,"showImageEffects":true,"showParticleSystems":true,"showVisualEffectGraphs":true,"m_FxEnabled":true},"in2DMode":false,"pivot":{"x":9.744213104248047,"y":11.272310256958008,"z":-3.986462116241455},"rotation":{"x":0.23187018930912019,"y":0.0011639167787507177,"z":-0.00027737297932617366,"w":0.9727471470832825},"size":3.5845565795898439,"orthographic":true}